Anastasia,Toto,380934398765,staffelb@yahoo.ca,password1
Beau,Bartolo,380934398765,boein@msn.com,password2
In,Tighe,384532322365,miyop@comcast.net,password3
Kassandra,Mcdonnell,386598998765,pkplex@comcast.net,password4
Halina,Falconer,380543398765,ninenine@hotmail.com,password5
Asha,Turlington,380934354765,janneh@gmail.com,password6
Glynda,Bowling,380934398732,murty@optonline.net,password7
Ross,Clover,380934767654,lamky@att.net,password8
Noma,Veloz,380934398765,gommix@msn.com,password9
Juanita,Stamps,380876398765,ozawa@icloud.com,password10
Shin,Hora,380765438765,dhwon@att.net,password11
Debora,Buttner,380934398732,drolsky@outlook.com,password12
Priscila,Deere,385432457654,north@outlook.com,password13
Ann,Tookes,380934765435,smallpaul@msn.com,password14
Lois,Beckler,380934098765,esbeck@yahoo.ca,password15
Katheryn,Drucker,380976541265,parksh@me.com,password16
Jules,Basquez,380934398732,shawnce@gmail.com,password17
Nicole,Mynatt,380934767643,retoh@yahoo.com,password18
Aileen,Bumgardner,343334398765,steveli@yahoo.com,password19
Bruno,Hardee,343354818765,ivoibs@icloud.com,password20
Abraham,Aho,381111111165,sakusha@icloud.com,password21
Alyson,Bonenfant,380222222232,chronos@att.net,password22
Deirdre,Schnur,380934733354,fangorn@mac.com,password23
Major,Tiffany,380666698765,guialbu@me.com,password24
Mora,Twedt,380934999965,jonathan@mac.com,password25
Venita,Vanduzer,380933333335,formis@verizon.net,password26
Terri,Holts,380888898732,geeber@comcast.net,password27
Reid,Russo,380934799654,subir@sbcglobal.net,password28
Camilla,Engelbrec,380934666555,rgarcia@yahoo.ca,password29
Etta,Wycoff,380959598765,martink@me.com,password30
Anastasia,Toto,380934398765,staffelb@yahoo.ca,password1
Beau,Bartolo,380934398765,boein@msn.com,password2
In,Tighe,384532322365,miyop@comcast.net,password3
Kassandra,Mcdonnell,386598998765,pkplex@comcast.net,password4
Halina,Falconer,380543398765,ninenine@hotmail.com,password5
Asha,Turlington,380934354765,janneh@gmail.com,password6
Glynda,Bowling,380934398732,murty@optonline.net,password7
Ross,Clover,380934767654,lamky@att.net,password8
Noma,Veloz,380934398765,gommix@msn.com,password9
Juanita,Stamps,380876398765,ozawa@icloud.com,password10
Shin,Hora,380765438765,dhwon@att.net,password11
Debora,Buttner,380934398732,drolsky@outlook.com,password12
Priscila,Deere,385432457654,north@outlook.com,password13
Ann,Tookes,380934765435,smallpaul@msn.com,password14
Lois,Beckler,380934098765,esbeck@yahoo.ca,password15
Katheryn,Drucker,380976541265,parksh@me.com,password16
Jules,Basquez,380934398732,shawnce@gmail.com,password17
Nicole,Mynatt,380934767643,retoh@yahoo.com,password18
Aileen,Bumgardner,343334398765,steveli@yahoo.com,password19
Bruno,Hardee,343354818765,ivoibs@icloud.com,password20
Abraham,Aho,381111111165,sakusha@icloud.com,password21
Alyson,Bonenfant,380222222232,chronos@att.net,password22
Deirdre,Schnur,380934733354,fangorn@mac.com,password23
Major,Tiffany,380666698765,guialbu@me.com,password24
Mora,Twedt,380934999965,jonathan@mac.com,password25
Venita,Vanduzer,380933333335,formis@verizon.net,password26
Terri,Holts,380888898732,geeber@comcast.net,password27
Reid,Russo,380934799654,subir@sbcglobal.net,password28
Camilla,Engelbrec,380934666555,rgarcia@yahoo.ca,password29
Etta,Wycoff,380959598765,martink@me.com,password30
Anastasia,Toto,380934398765,staffelb@yahoo.ca,password1
Beau,Bartolo,380934398765,boein@msn.com,password2
In,Tighe,384532322365,miyop@comcast.net,password3
Kassandra,Mcdonnell,386598998765,pkplex@comcast.net,password4
Halina,Falconer,380543398765,ninenine@hotmail.com,password5
Asha,Turlington,380934354765,janneh@gmail.com,password6
Glynda,Bowling,380934398732,murty@optonline.net,password7
Ross,Clover,380934767654,lamky@att.net,password8
Noma,Veloz,380934398765,gommix@msn.com,password9
Juanita,Stamps,380876398765,ozawa@icloud.com,password10
Shin,Hora,380765438765,dhwon@att.net,password11
Debora,Buttner,380934398732,drolsky@outlook.com,password12
Priscila,Deere,385432457654,north@outlook.com,password13
Ann,Tookes,380934765435,smallpaul@msn.com,password14
Lois,Beckler,380934098765,esbeck@yahoo.ca,password15
Katheryn,Drucker,380976541265,parksh@me.com,password16
Jules,Basquez,380934398732,shawnce@gmail.com,password17
Nicole,Mynatt,380934767643,retoh@yahoo.com,password18
Aileen,Bumgardner,343334398765,steveli@yahoo.com,password19
Bruno,Hardee,343354818765,ivoibs@icloud.com,password20
Abraham,Aho,381111111165,sakusha@icloud.com,password21
Alyson,Bonenfant,380222222232,chronos@att.net,password22
Deirdre,Schnur,380934733354,fangorn@mac.com,password23
Major,Tiffany,380666698765,guialbu@me.com,password24
Mora,Twedt,380934999965,jonathan@mac.com,password25
Venita,Vanduzer,380933333335,formis@verizon.net,password26
Terri,Holts,380888898732,geeber@comcast.net,password27
Reid,Russo,380934799654,subir@sbcglobal.net,password28
Camilla,Engelbrec,380934666555,rgarcia@yahoo.ca,password29
Etta,Wycoff,380959598765,martink@me.com,password30
Anastasia,Toto,380934398765,staffelb@yahoo.ca,password1
Beau,Bartolo,380934398765,boein@msn.com,password2
In,Tighe,384532322365,miyop@comcast.net,password3
Kassandra,Mcdonnell,386598998765,pkplex@comcast.net,password4
Halina,Falconer,380543398765,ninenine@hotmail.com,password5
Asha,Turlington,380934354765,janneh@gmail.com,password6
Glynda,Bowling,380934398732,murty@optonline.net,password7
Ross,Clover,380934767654,lamky@att.net,password8
Noma,Veloz,380934398765,gommix@msn.com,password9
Juanita,Stamps,380876398765,ozawa@icloud.com,password10
Shin,Hora,380765438765,dhwon@att.net,password11
Debora,Buttner,380934398732,drolsky@outlook.com,password12
Priscila,Deere,385432457654,north@outlook.com,password13
Ann,Tookes,380934765435,smallpaul@msn.com,password14
Lois,Beckler,380934098765,esbeck@yahoo.ca,password15
Katheryn,Drucker,380976541265,parksh@me.com,password16
Jules,Basquez,380934398732,shawnce@gmail.com,password17
Nicole,Mynatt,380934767643,retoh@yahoo.com,password18
Aileen,Bumgardner,343334398765,steveli@yahoo.com,password19
Bruno,Hardee,343354818765,ivoibs@icloud.com,password20
Abraham,Aho,381111111165,sakusha@icloud.com,password21
Alyson,Bonenfant,380222222232,chronos@att.net,password22
Deirdre,Schnur,380934733354,fangorn@mac.com,password23
Major,Tiffany,380666698765,guialbu@me.com,password24
Mora,Twedt,380934999965,jonathan@mac.com,password25
Venita,Vanduzer,380933333335,formis@verizon.net,password26
Terri,Holts,380888898732,geeber@comcast.net,password27
Reid,Russo,380934799654,subir@sbcglobal.net,password28
Camilla,Engelbrec,380934666555,rgarcia@yahoo.ca,password29
Etta,Wycoff,380959598765,martink@me.com,password30
Anastasia,Toto,380934398765,staffelb@yahoo.ca,password1
Beau,Bartolo,380934398765,boein@msn.com,password2
In,Tighe,384532322365,miyop@comcast.net,password3
Kassandra,Mcdonnell,386598998765,pkplex@comcast.net,password4
Halina,Falconer,380543398765,ninenine@hotmail.com,password5
Asha,Turlington,380934354765,janneh@gmail.com,password6
Glynda,Bowling,380934398732,murty@optonline.net,password7
Ross,Clover,380934767654,lamky@att.net,password8
Noma,Veloz,380934398765,gommix@msn.com,password9
Juanita,Stamps,380876398765,ozawa@icloud.com,password10
Shin,Hora,380765438765,dhwon@att.net,password11
Debora,Buttner,380934398732,drolsky@outlook.com,password12
Priscila,Deere,385432457654,north@outlook.com,password13
Ann,Tookes,380934765435,smallpaul@msn.com,password14
Lois,Beckler,380934098765,esbeck@yahoo.ca,password15
Katheryn,Drucker,380976541265,parksh@me.com,password16
Jules,Basquez,380934398732,shawnce@gmail.com,password17
Nicole,Mynatt,380934767643,retoh@yahoo.com,password18
Aileen,Bumgardner,343334398765,steveli@yahoo.com,password19
Bruno,Hardee,343354818765,ivoibs@icloud.com,password20
Abraham,Aho,381111111165,sakusha@icloud.com,password21
Alyson,Bonenfant,380222222232,chronos@att.net,password22
Deirdre,Schnur,380934733354,fangorn@mac.com,password23
Major,Tiffany,380666698765,guialbu@me.com,password24
Mora,Twedt,380934999965,jonathan@mac.com,password25
Venita,Vanduzer,380933333335,formis@verizon.net,password26
Terri,Holts,380888898732,geeber@comcast.net,password27
Reid,Russo,380934799654,subir@sbcglobal.net,password28
Camilla,Engelbrec,380934666555,rgarcia@yahoo.ca,password29
Etta,Wycoff,380959598765,martink@me.com,password30
Anastasia,Toto,380934398765,staffelb@yahoo.ca,password1
Beau,Bartolo,380934398765,boein@msn.com,password2
In,Tighe,384532322365,miyop@comcast.net,password3
Kassandra,Mcdonnell,386598998765,pkplex@comcast.net,password4
Halina,Falconer,380543398765,ninenine@hotmail.com,password5
Asha,Turlington,380934354765,janneh@gmail.com,password6
Glynda,Bowling,380934398732,murty@optonline.net,password7
Ross,Clover,380934767654,lamky@att.net,password8
Noma,Veloz,380934398765,gommix@msn.com,password9
Juanita,Stamps,380876398765,ozawa@icloud.com,password10
Shin,Hora,380765438765,dhwon@att.net,password11
Debora,Buttner,380934398732,drolsky@outlook.com,password12
Priscila,Deere,385432457654,north@outlook.com,password13
Ann,Tookes,380934765435,smallpaul@msn.com,password14
Lois,Beckler,380934098765,esbeck@yahoo.ca,password15
Katheryn,Drucker,380976541265,parksh@me.com,password16
Jules,Basquez,380934398732,shawnce@gmail.com,password17
Nicole,Mynatt,380934767643,retoh@yahoo.com,password18
Aileen,Bumgardner,343334398765,steveli@yahoo.com,password19
Bruno,Hardee,343354818765,ivoibs@icloud.com,password20
Abraham,Aho,381111111165,sakusha@icloud.com,password21
Alyson,Bonenfant,380222222232,chronos@att.net,password22
Deirdre,Schnur,380934733354,fangorn@mac.com,password23
Major,Tiffany,380666698765,guialbu@me.com,password24
Mora,Twedt,380934999965,jonathan@mac.com,password25
Venita,Vanduzer,380933333335,formis@verizon.net,password26
Terri,Holts,380888898732,geeber@comcast.net,password27
Reid,Russo,380934799654,subir@sbcglobal.net,password28
Camilla,Engelbrec,380934666555,rgarcia@yahoo.ca,password29
Etta,Wycoff,380959598765,martink@me.com,password30
Anastasia,Toto,380934398765,staffelb@yahoo.ca,password1
Beau,Bartolo,380934398765,boein@msn.com,password2
In,Tighe,384532322365,miyop@comcast.net,password3
Kassandra,Mcdonnell,386598998765,pkplex@comcast.net,password4
Halina,Falconer,380543398765,ninenine@hotmail.com,password5
Asha,Turlington,380934354765,janneh@gmail.com,password6
Glynda,Bowling,380934398732,murty@optonline.net,password7
Ross,Clover,380934767654,lamky@att.net,password8
Noma,Veloz,380934398765,gommix@msn.com,password9
Juanita,Stamps,380876398765,ozawa@icloud.com,password10
Shin,Hora,380765438765,dhwon@att.net,password11
Debora,Buttner,380934398732,drolsky@outlook.com,password12
Priscila,Deere,385432457654,north@outlook.com,password13
Ann,Tookes,380934765435,smallpaul@msn.com,password14
Lois,Beckler,380934098765,esbeck@yahoo.ca,password15
Katheryn,Drucker,380976541265,parksh@me.com,password16
Jules,Basquez,380934398732,shawnce@gmail.com,password17
Nicole,Mynatt,380934767643,retoh@yahoo.com,password18
Aileen,Bumgardner,343334398765,steveli@yahoo.com,password19
Bruno,Hardee,343354818765,ivoibs@icloud.com,password20
Abraham,Aho,381111111165,sakusha@icloud.com,password21
Alyson,Bonenfant,380222222232,chronos@att.net,password22
Deirdre,Schnur,380934733354,fangorn@mac.com,password23
Major,Tiffany,380666698765,guialbu@me.com,password24
Mora,Twedt,380934999965,jonathan@mac.com,password25
Venita,Vanduzer,380933333335,formis@verizon.net,password26
Terri,Holts,380888898732,geeber@comcast.net,password27
Reid,Russo,380934799654,subir@sbcglobal.net,password28
Camilla,Engelbrec,380934666555,rgarcia@yahoo.ca,password29
Etta,Wycoff,380959598765,martink@me.com,password30
Anastasia,Toto,380934398765,staffelb@yahoo.ca,password1
Beau,Bartolo,380934398765,boein@msn.com,password2
In,Tighe,384532322365,miyop@comcast.net,password3
Kassandra,Mcdonnell,386598998765,pkplex@comcast.net,password4
Halina,Falconer,380543398765,ninenine@hotmail.com,password5
Asha,Turlington,380934354765,janneh@gmail.com,password6
Glynda,Bowling,380934398732,murty@optonline.net,password7
Ross,Clover,380934767654,lamky@att.net,password8
Noma,Veloz,380934398765,gommix@msn.com,password9
Juanita,Stamps,380876398765,ozawa@icloud.com,password10
Shin,Hora,380765438765,dhwon@att.net,password11
Debora,Buttner,380934398732,drolsky@outlook.com,password12
Priscila,Deere,385432457654,north@outlook.com,password13
Ann,Tookes,380934765435,smallpaul@msn.com,password14
Lois,Beckler,380934098765,esbeck@yahoo.ca,password15
Katheryn,Drucker,380976541265,parksh@me.com,password16
Jules,Basquez,380934398732,shawnce@gmail.com,password17
Nicole,Mynatt,380934767643,retoh@yahoo.com,password18
Aileen,Bumgardner,343334398765,steveli@yahoo.com,password19
Bruno,Hardee,343354818765,ivoibs@icloud.com,password20
Abraham,Aho,381111111165,sakusha@icloud.com,password21
Alyson,Bonenfant,380222222232,chronos@att.net,password22
Deirdre,Schnur,380934733354,fangorn@mac.com,password23
Major,Tiffany,380666698765,guialbu@me.com,password24
Mora,Twedt,380934999965,jonathan@mac.com,password25
Venita,Vanduzer,380933333335,formis@verizon.net,password26
Terri,Holts,380888898732,geeber@comcast.net,password27
Reid,Russo,380934799654,subir@sbcglobal.net,password28
Camilla,Engelbrec,380934666555,rgarcia@yahoo.ca,password29
Etta,Wycoff,380959598765,martink@me.com,password30
Anastasia,Toto,380934398765,staffelb@yahoo.ca,password1
Beau,Bartolo,380934398765,boein@msn.com,password2
In,Tighe,384532322365,miyop@comcast.net,password3
Kassandra,Mcdonnell,386598998765,pkplex@comcast.net,password4
Halina,Falconer,380543398765,ninenine@hotmail.com,password5
Asha,Turlington,380934354765,janneh@gmail.com,password6
Glynda,Bowling,380934398732,murty@optonline.net,password7
Ross,Clover,380934767654,lamky@att.net,password8
Noma,Veloz,380934398765,gommix@msn.com,password9
Juanita,Stamps,380876398765,ozawa@icloud.com,password10
Shin,Hora,380765438765,dhwon@att.net,password11
Debora,Buttner,380934398732,drolsky@outlook.com,password12
Priscila,Deere,385432457654,north@outlook.com,password13
Ann,Tookes,380934765435,smallpaul@msn.com,password14
Lois,Beckler,380934098765,esbeck@yahoo.ca,password15
Katheryn,Drucker,380976541265,parksh@me.com,password16
Jules,Basquez,380934398732,shawnce@gmail.com,password17
Nicole,Mynatt,380934767643,retoh@yahoo.com,password18
Aileen,Bumgardner,343334398765,steveli@yahoo.com,password19
Bruno,Hardee,343354818765,ivoibs@icloud.com,password20
Abraham,Aho,381111111165,sakusha@icloud.com,password21
Alyson,Bonenfant,380222222232,chronos@att.net,password22
Deirdre,Schnur,380934733354,fangorn@mac.com,password23
Major,Tiffany,380666698765,guialbu@me.com,password24
Mora,Twedt,380934999965,jonathan@mac.com,password25
Venita,Vanduzer,380933333335,formis@verizon.net,password26
Terri,Holts,380888898732,geeber@comcast.net,password27
Reid,Russo,380934799654,subir@sbcglobal.net,password28
Camilla,Engelbrec,380934666555,rgarcia@yahoo.ca,password29
Etta,Wycoff,380959598765,martink@me.com,password30
Anastasia,Toto,380934398765,staffelb@yahoo.ca,password1
Beau,Bartolo,380934398765,boein@msn.com,password2
In,Tighe,384532322365,miyop@comcast.net,password3
Kassandra,Mcdonnell,386598998765,pkplex@comcast.net,password4
Halina,Falconer,380543398765,ninenine@hotmail.com,password5
Asha,Turlington,380934354765,janneh@gmail.com,password6
Glynda,Bowling,380934398732,murty@optonline.net,password7
Ross,Clover,380934767654,lamky@att.net,password8
Noma,Veloz,380934398765,gommix@msn.com,password9
Juanita,Stamps,380876398765,ozawa@icloud.com,password10
Shin,Hora,380765438765,dhwon@att.net,password11
Debora,Buttner,380934398732,drolsky@outlook.com,password12
Priscila,Deere,385432457654,north@outlook.com,password13
Ann,Tookes,380934765435,smallpaul@msn.com,password14
Lois,Beckler,380934098765,esbeck@yahoo.ca,password15
Katheryn,Drucker,380976541265,parksh@me.com,password16
Jules,Basquez,380934398732,shawnce@gmail.com,password17
Nicole,Mynatt,380934767643,retoh@yahoo.com,password18
Aileen,Bumgardner,343334398765,steveli@yahoo.com,password19
Bruno,Hardee,343354818765,ivoibs@icloud.com,password20
Abraham,Aho,381111111165,sakusha@icloud.com,password21
Alyson,Bonenfant,380222222232,chronos@att.net,password22
Deirdre,Schnur,380934733354,fangorn@mac.com,password23
Major,Tiffany,380666698765,guialbu@me.com,password24
Mora,Twedt,380934999965,jonathan@mac.com,password25
Venita,Vanduzer,380933333335,formis@verizon.net,password26
Terri,Holts,380888898732,geeber@comcast.net,password27
Reid,Russo,380934799654,subir@sbcglobal.net,password28
Camilla,Engelbrec,380934666555,rgarcia@yahoo.ca,password29
Etta,Wycoff,380959598765,martink@me.com,password30
Anastasia,Toto,380934398765,staffelb@yahoo.ca,password1
Beau,Bartolo,380934398765,boein@msn.com,password2
In,Tighe,384532322365,miyop@comcast.net,password3
Kassandra,Mcdonnell,386598998765,pkplex@comcast.net,password4
Halina,Falconer,380543398765,ninenine@hotmail.com,password5
Asha,Turlington,380934354765,janneh@gmail.com,password6
Glynda,Bowling,380934398732,murty@optonline.net,password7
Ross,Clover,380934767654,lamky@att.net,password8
Noma,Veloz,380934398765,gommix@msn.com,password9
Juanita,Stamps,380876398765,ozawa@icloud.com,password10
Shin,Hora,380765438765,dhwon@att.net,password11
Debora,Buttner,380934398732,drolsky@outlook.com,password12
Priscila,Deere,385432457654,north@outlook.com,password13
Ann,Tookes,380934765435,smallpaul@msn.com,password14
Lois,Beckler,380934098765,esbeck@yahoo.ca,password15
Katheryn,Drucker,380976541265,parksh@me.com,password16
Jules,Basquez,380934398732,shawnce@gmail.com,password17
Nicole,Mynatt,380934767643,retoh@yahoo.com,password18
Aileen,Bumgardner,343334398765,steveli@yahoo.com,password19
Bruno,Hardee,343354818765,ivoibs@icloud.com,password20
Abraham,Aho,381111111165,sakusha@icloud.com,password21
Alyson,Bonenfant,380222222232,chronos@att.net,password22
Deirdre,Schnur,380934733354,fangorn@mac.com,password23
Major,Tiffany,380666698765,guialbu@me.com,password24
Mora,Twedt,380934999965,jonathan@mac.com,password25
Venita,Vanduzer,380933333335,formis@verizon.net,password26
Terri,Holts,380888898732,geeber@comcast.net,password27
Reid,Russo,380934799654,subir@sbcglobal.net,password28
Camilla,Engelbrec,380934666555,rgarcia@yahoo.ca,password29
Etta,Wycoff,380959598765,martink@me.com,password30
Anastasia,Toto,380934398765,staffelb@yahoo.ca,password1
Beau,Bartolo,380934398765,boein@msn.com,password2
In,Tighe,384532322365,miyop@comcast.net,password3
Kassandra,Mcdonnell,386598998765,pkplex@comcast.net,password4
Halina,Falconer,380543398765,ninenine@hotmail.com,password5
Asha,Turlington,380934354765,janneh@gmail.com,password6
Glynda,Bowling,380934398732,murty@optonline.net,password7
Ross,Clover,380934767654,lamky@att.net,password8
Noma,Veloz,380934398765,gommix@msn.com,password9
Juanita,Stamps,380876398765,ozawa@icloud.com,password10
Shin,Hora,380765438765,dhwon@att.net,password11
Debora,Buttner,380934398732,drolsky@outlook.com,password12
Priscila,Deere,385432457654,north@outlook.com,password13
Ann,Tookes,380934765435,smallpaul@msn.com,password14
Lois,Beckler,380934098765,esbeck@yahoo.ca,password15
Katheryn,Drucker,380976541265,parksh@me.com,password16
Jules,Basquez,380934398732,shawnce@gmail.com,password17
Nicole,Mynatt,380934767643,retoh@yahoo.com,password18
Aileen,Bumgardner,343334398765,steveli@yahoo.com,password19
Bruno,Hardee,343354818765,ivoibs@icloud.com,password20
Abraham,Aho,381111111165,sakusha@icloud.com,password21
Alyson,Bonenfant,380222222232,chronos@att.net,password22
Deirdre,Schnur,380934733354,fangorn@mac.com,password23
Major,Tiffany,380666698765,guialbu@me.com,password24
Mora,Twedt,380934999965,jonathan@mac.com,password25
Venita,Vanduzer,380933333335,formis@verizon.net,password26
Terri,Holts,380888898732,geeber@comcast.net,password27
Reid,Russo,380934799654,subir@sbcglobal.net,password28
Camilla,Engelbrec,380934666555,rgarcia@yahoo.ca,password29
Etta,Wycoff,380959598765,martink@me.com,password30
Anastasia,Toto,380934398765,staffelb@yahoo.ca,password1
Beau,Bartolo,380934398765,boein@msn.com,password2
In,Tighe,384532322365,miyop@comcast.net,password3
Kassandra,Mcdonnell,386598998765,pkplex@comcast.net,password4
Halina,Falconer,380543398765,ninenine@hotmail.com,password5
Asha,Turlington,380934354765,janneh@gmail.com,password6
Glynda,Bowling,380934398732,murty@optonline.net,password7
Ross,Clover,380934767654,lamky@att.net,password8
Noma,Veloz,380934398765,gommix@msn.com,password9
Juanita,Stamps,380876398765,ozawa@icloud.com,password10
Shin,Hora,380765438765,dhwon@att.net,password11
Debora,Buttner,380934398732,drolsky@outlook.com,password12
Priscila,Deere,385432457654,north@outlook.com,password13
Ann,Tookes,380934765435,smallpaul@msn.com,password14
Lois,Beckler,380934098765,esbeck@yahoo.ca,password15
Katheryn,Drucker,380976541265,parksh@me.com,password16
Jules,Basquez,380934398732,shawnce@gmail.com,password17
Nicole,Mynatt,380934767643,retoh@yahoo.com,password18
Aileen,Bumgardner,343334398765,steveli@yahoo.com,password19
Bruno,Hardee,343354818765,ivoibs@icloud.com,password20
Abraham,Aho,381111111165,sakusha@icloud.com,password21
Alyson,Bonenfant,380222222232,chronos@att.net,password22
Deirdre,Schnur,380934733354,fangorn@mac.com,password23
Major,Tiffany,380666698765,guialbu@me.com,password24
Mora,Twedt,380934999965,jonathan@mac.com,password25
Venita,Vanduzer,380933333335,formis@verizon.net,password26
Terri,Holts,380888898732,geeber@comcast.net,password27
Reid,Russo,380934799654,subir@sbcglobal.net,password28
Camilla,Engelbrec,380934666555,rgarcia@yahoo.ca,password29
Etta,Wycoff,380959598765,martink@me.com,password30
Anastasia,Toto,380934398765,staffelb@yahoo.ca,password1
Beau,Bartolo,380934398765,boein@msn.com,password2
In,Tighe,384532322365,miyop@comcast.net,password3
Kassandra,Mcdonnell,386598998765,pkplex@comcast.net,password4
Halina,Falconer,380543398765,ninenine@hotmail.com,password5
Asha,Turlington,380934354765,janneh@gmail.com,password6
Glynda,Bowling,380934398732,murty@optonline.net,password7
Ross,Clover,380934767654,lamky@att.net,password8
Noma,Veloz,380934398765,gommix@msn.com,password9
Juanita,Stamps,380876398765,ozawa@icloud.com,password10
Shin,Hora,380765438765,dhwon@att.net,password11
Debora,Buttner,380934398732,drolsky@outlook.com,password12
Priscila,Deere,385432457654,north@outlook.com,password13
Ann,Tookes,380934765435,smallpaul@msn.com,password14
Lois,Beckler,380934098765,esbeck@yahoo.ca,password15
Katheryn,Drucker,380976541265,parksh@me.com,password16
Jules,Basquez,380934398732,shawnce@gmail.com,password17
Nicole,Mynatt,380934767643,retoh@yahoo.com,password18
Aileen,Bumgardner,343334398765,steveli@yahoo.com,password19
Bruno,Hardee,343354818765,ivoibs@icloud.com,password20
Abraham,Aho,381111111165,sakusha@icloud.com,password21
Alyson,Bonenfant,380222222232,chronos@att.net,password22
Deirdre,Schnur,380934733354,fangorn@mac.com,password23
Major,Tiffany,380666698765,guialbu@me.com,password24
Mora,Twedt,380934999965,jonathan@mac.com,password25
Venita,Vanduzer,380933333335,formis@verizon.net,password26
Terri,Holts,380888898732,geeber@comcast.net,password27
Reid,Russo,380934799654,subir@sbcglobal.net,password28
Camilla,Engelbrec,380934666555,rgarcia@yahoo.ca,password29
Etta,Wycoff,380959598765,martink@me.com,password30
Anastasia,Toto,380934398765,staffelb@yahoo.ca,password1
Beau,Bartolo,380934398765,boein@msn.com,password2
In,Tighe,384532322365,miyop@comcast.net,password3
Kassandra,Mcdonnell,386598998765,pkplex@comcast.net,password4
Halina,Falconer,380543398765,ninenine@hotmail.com,password5
Asha,Turlington,380934354765,janneh@gmail.com,password6
Glynda,Bowling,380934398732,murty@optonline.net,password7
Ross,Clover,380934767654,lamky@att.net,password8
Noma,Veloz,380934398765,gommix@msn.com,password9
Juanita,Stamps,380876398765,ozawa@icloud.com,password10
Shin,Hora,380765438765,dhwon@att.net,password11
Debora,Buttner,380934398732,drolsky@outlook.com,password12
Priscila,Deere,385432457654,north@outlook.com,password13
Ann,Tookes,380934765435,smallpaul@msn.com,password14
Lois,Beckler,380934098765,esbeck@yahoo.ca,password15
Katheryn,Drucker,380976541265,parksh@me.com,password16
Jules,Basquez,380934398732,shawnce@gmail.com,password17
Nicole,Mynatt,380934767643,retoh@yahoo.com,password18
Aileen,Bumgardner,343334398765,steveli@yahoo.com,password19
Bruno,Hardee,343354818765,ivoibs@icloud.com,password20
Abraham,Aho,381111111165,sakusha@icloud.com,password21
Alyson,Bonenfant,380222222232,chronos@att.net,password22
Deirdre,Schnur,380934733354,fangorn@mac.com,password23
Major,Tiffany,380666698765,guialbu@me.com,password24
Mora,Twedt,380934999965,jonathan@mac.com,password25
Venita,Vanduzer,380933333335,formis@verizon.net,password26
Terri,Holts,380888898732,geeber@comcast.net,password27
Reid,Russo,380934799654,subir@sbcglobal.net,password28
Camilla,Engelbrec,380934666555,rgarcia@yahoo.ca,password29
Etta,Wycoff,380959598765,martink@me.com,password30
Anastasia,Toto,380934398765,staffelb@yahoo.ca,password1
Beau,Bartolo,380934398765,boein@msn.com,password2
In,Tighe,384532322365,miyop@comcast.net,password3
Kassandra,Mcdonnell,386598998765,pkplex@comcast.net,password4
Halina,Falconer,380543398765,ninenine@hotmail.com,password5
Asha,Turlington,380934354765,janneh@gmail.com,password6
Glynda,Bowling,380934398732,murty@optonline.net,password7
Ross,Clover,380934767654,lamky@att.net,password8
Noma,Veloz,380934398765,gommix@msn.com,password9
Juanita,Stamps,380876398765,ozawa@icloud.com,password10
Shin,Hora,380765438765,dhwon@att.net,password11
Debora,Buttner,380934398732,drolsky@outlook.com,password12
Priscila,Deere,385432457654,north@outlook.com,password13
Ann,Tookes,380934765435,smallpaul@msn.com,password14
Lois,Beckler,380934098765,esbeck@yahoo.ca,password15
Katheryn,Drucker,380976541265,parksh@me.com,password16
Jules,Basquez,380934398732,shawnce@gmail.com,password17
Nicole,Mynatt,380934767643,retoh@yahoo.com,password18
Aileen,Bumgardner,343334398765,steveli@yahoo.com,password19
Bruno,Hardee,343354818765,ivoibs@icloud.com,password20
Abraham,Aho,381111111165,sakusha@icloud.com,password21
Alyson,Bonenfant,380222222232,chronos@att.net,password22
Deirdre,Schnur,380934733354,fangorn@mac.com,password23
Major,Tiffany,380666698765,guialbu@me.com,password24
Mora,Twedt,380934999965,jonathan@mac.com,password25
Venita,Vanduzer,380933333335,formis@verizon.net,password26
Terri,Holts,380888898732,geeber@comcast.net,password27
Reid,Russo,380934799654,subir@sbcglobal.net,password28
Camilla,Engelbrec,380934666555,rgarcia@yahoo.ca,password29
Etta,Wycoff,380959598765,martink@me.com,password30
Anastasia,Toto,380934398765,staffelb@yahoo.ca,password1
Beau,Bartolo,380934398765,boein@msn.com,password2
In,Tighe,384532322365,miyop@comcast.net,password3
Kassandra,Mcdonnell,386598998765,pkplex@comcast.net,password4
Halina,Falconer,380543398765,ninenine@hotmail.com,password5
Asha,Turlington,380934354765,janneh@gmail.com,password6
Glynda,Bowling,380934398732,murty@optonline.net,password7
Ross,Clover,380934767654,lamky@att.net,password8
Noma,Veloz,380934398765,gommix@msn.com,password9
Juanita,Stamps,380876398765,ozawa@icloud.com,password10
Shin,Hora,380765438765,dhwon@att.net,password11
Debora,Buttner,380934398732,drolsky@outlook.com,password12
Priscila,Deere,385432457654,north@outlook.com,password13
Ann,Tookes,380934765435,smallpaul@msn.com,password14
Lois,Beckler,380934098765,esbeck@yahoo.ca,password15
Katheryn,Drucker,380976541265,parksh@me.com,password16
Jules,Basquez,380934398732,shawnce@gmail.com,password17
Nicole,Mynatt,380934767643,retoh@yahoo.com,password18
Aileen,Bumgardner,343334398765,steveli@yahoo.com,password19
Bruno,Hardee,343354818765,ivoibs@icloud.com,password20
Abraham,Aho,381111111165,sakusha@icloud.com,password21
Alyson,Bonenfant,380222222232,chronos@att.net,password22
Deirdre,Schnur,380934733354,fangorn@mac.com,password23
Major,Tiffany,380666698765,guialbu@me.com,password24
Mora,Twedt,380934999965,jonathan@mac.com,password25
Venita,Vanduzer,380933333335,formis@verizon.net,password26
Terri,Holts,380888898732,geeber@comcast.net,password27
Reid,Russo,380934799654,subir@sbcglobal.net,password28
Camilla,Engelbrec,380934666555,rgarcia@yahoo.ca,password29
Etta,Wycoff,380959598765,martink@me.com,password30
Anastasia,Toto,380934398765,staffelb@yahoo.ca,password1
Beau,Bartolo,380934398765,boein@msn.com,password2
In,Tighe,384532322365,miyop@comcast.net,password3
Kassandra,Mcdonnell,386598998765,pkplex@comcast.net,password4
Halina,Falconer,380543398765,ninenine@hotmail.com,password5
Asha,Turlington,380934354765,janneh@gmail.com,password6
Glynda,Bowling,380934398732,murty@optonline.net,password7
Ross,Clover,380934767654,lamky@att.net,password8
Noma,Veloz,380934398765,gommix@msn.com,password9
Juanita,Stamps,380876398765,ozawa@icloud.com,password10
Shin,Hora,380765438765,dhwon@att.net,password11
Debora,Buttner,380934398732,drolsky@outlook.com,password12
Priscila,Deere,385432457654,north@outlook.com,password13
Ann,Tookes,380934765435,smallpaul@msn.com,password14
Lois,Beckler,380934098765,esbeck@yahoo.ca,password15
Katheryn,Drucker,380976541265,parksh@me.com,password16
Jules,Basquez,380934398732,shawnce@gmail.com,password17
Nicole,Mynatt,380934767643,retoh@yahoo.com,password18
Aileen,Bumgardner,343334398765,steveli@yahoo.com,password19
Bruno,Hardee,343354818765,ivoibs@icloud.com,password20
Abraham,Aho,381111111165,sakusha@icloud.com,password21
Alyson,Bonenfant,380222222232,chronos@att.net,password22
Deirdre,Schnur,380934733354,fangorn@mac.com,password23
Major,Tiffany,380666698765,guialbu@me.com,password24
Mora,Twedt,380934999965,jonathan@mac.com,password25
Venita,Vanduzer,380933333335,formis@verizon.net,password26
Terri,Holts,380888898732,geeber@comcast.net,password27
Reid,Russo,380934799654,subir@sbcglobal.net,password28
Camilla,Engelbrec,380934666555,rgarcia@yahoo.ca,password29
Etta,Wycoff,380959598765,martink@me.com,password30
Anastasia,Toto,380934398765,staffelb@yahoo.ca,password1
Beau,Bartolo,380934398765,boein@msn.com,password2
In,Tighe,384532322365,miyop@comcast.net,password3
Kassandra,Mcdonnell,386598998765,pkplex@comcast.net,password4
Halina,Falconer,380543398765,ninenine@hotmail.com,password5
Asha,Turlington,380934354765,janneh@gmail.com,password6
Glynda,Bowling,380934398732,murty@optonline.net,password7
Ross,Clover,380934767654,lamky@att.net,password8
Noma,Veloz,380934398765,gommix@msn.com,password9
Juanita,Stamps,380876398765,ozawa@icloud.com,password10
Shin,Hora,380765438765,dhwon@att.net,password11
Debora,Buttner,380934398732,drolsky@outlook.com,password12
Priscila,Deere,385432457654,north@outlook.com,password13
Ann,Tookes,380934765435,smallpaul@msn.com,password14
Lois,Beckler,380934098765,esbeck@yahoo.ca,password15
Katheryn,Drucker,380976541265,parksh@me.com,password16
Jules,Basquez,380934398732,shawnce@gmail.com,password17
Nicole,Mynatt,380934767643,retoh@yahoo.com,password18
Aileen,Bumgardner,343334398765,steveli@yahoo.com,password19
Bruno,Hardee,343354818765,ivoibs@icloud.com,password20
Abraham,Aho,381111111165,sakusha@icloud.com,password21
Alyson,Bonenfant,380222222232,chronos@att.net,password22
Deirdre,Schnur,380934733354,fangorn@mac.com,password23
Major,Tiffany,380666698765,guialbu@me.com,password24
Mora,Twedt,380934999965,jonathan@mac.com,password25
Venita,Vanduzer,380933333335,formis@verizon.net,password26
Terri,Holts,380888898732,geeber@comcast.net,password27
Reid,Russo,380934799654,subir@sbcglobal.net,password28
Camilla,Engelbrec,380934666555,rgarcia@yahoo.ca,password29
Etta,Wycoff,380959598765,martink@me.com,password30
Anastasia,Toto,380934398765,staffelb@yahoo.ca,password1
Beau,Bartolo,380934398765,boein@msn.com,password2
In,Tighe,384532322365,miyop@comcast.net,password3
Kassandra,Mcdonnell,386598998765,pkplex@comcast.net,password4
Halina,Falconer,380543398765,ninenine@hotmail.com,password5
Asha,Turlington,380934354765,janneh@gmail.com,password6
Glynda,Bowling,380934398732,murty@optonline.net,password7
Ross,Clover,380934767654,lamky@att.net,password8
Noma,Veloz,380934398765,gommix@msn.com,password9
Juanita,Stamps,380876398765,ozawa@icloud.com,password10
Shin,Hora,380765438765,dhwon@att.net,password11
Debora,Buttner,380934398732,drolsky@outlook.com,password12
Priscila,Deere,385432457654,north@outlook.com,password13
Ann,Tookes,380934765435,smallpaul@msn.com,password14
Lois,Beckler,380934098765,esbeck@yahoo.ca,password15
Katheryn,Drucker,380976541265,parksh@me.com,password16
Jules,Basquez,380934398732,shawnce@gmail.com,password17
Nicole,Mynatt,380934767643,retoh@yahoo.com,password18
Aileen,Bumgardner,343334398765,steveli@yahoo.com,password19
Bruno,Hardee,343354818765,ivoibs@icloud.com,password20
Abraham,Aho,381111111165,sakusha@icloud.com,password21
Alyson,Bonenfant,380222222232,chronos@att.net,password22
Deirdre,Schnur,380934733354,fangorn@mac.com,password23
Major,Tiffany,380666698765,guialbu@me.com,password24
Mora,Twedt,380934999965,jonathan@mac.com,password25
Venita,Vanduzer,380933333335,formis@verizon.net,password26
Terri,Holts,380888898732,geeber@comcast.net,password27
Reid,Russo,380934799654,subir@sbcglobal.net,password28
Camilla,Engelbrec,380934666555,rgarcia@yahoo.ca,password29
Etta,Wycoff,380959598765,martink@me.com,password30
Anastasia,Toto,380934398765,staffelb@yahoo.ca,password1
Beau,Bartolo,380934398765,boein@msn.com,password2
In,Tighe,384532322365,miyop@comcast.net,password3
Kassandra,Mcdonnell,386598998765,pkplex@comcast.net,password4
Halina,Falconer,380543398765,ninenine@hotmail.com,password5
Asha,Turlington,380934354765,janneh@gmail.com,password6
Glynda,Bowling,380934398732,murty@optonline.net,password7
Ross,Clover,380934767654,lamky@att.net,password8
Noma,Veloz,380934398765,gommix@msn.com,password9
Juanita,Stamps,380876398765,ozawa@icloud.com,password10
Shin,Hora,380765438765,dhwon@att.net,password11
Debora,Buttner,380934398732,drolsky@outlook.com,password12
Priscila,Deere,385432457654,north@outlook.com,password13
Ann,Tookes,380934765435,smallpaul@msn.com,password14
Lois,Beckler,380934098765,esbeck@yahoo.ca,password15
Katheryn,Drucker,380976541265,parksh@me.com,password16
Jules,Basquez,380934398732,shawnce@gmail.com,password17
Nicole,Mynatt,380934767643,retoh@yahoo.com,password18
Aileen,Bumgardner,343334398765,steveli@yahoo.com,password19
Bruno,Hardee,343354818765,ivoibs@icloud.com,password20
Abraham,Aho,381111111165,sakusha@icloud.com,password21
Alyson,Bonenfant,380222222232,chronos@att.net,password22
Deirdre,Schnur,380934733354,fangorn@mac.com,password23
Major,Tiffany,380666698765,guialbu@me.com,password24
Mora,Twedt,380934999965,jonathan@mac.com,password25
Venita,Vanduzer,380933333335,formis@verizon.net,password26
Terri,Holts,380888898732,geeber@comcast.net,password27
Reid,Russo,380934799654,subir@sbcglobal.net,password28
Camilla,Engelbrec,380934666555,rgarcia@yahoo.ca,password29
Etta,Wycoff,380959598765,martink@me.com,password30
Anastasia,Toto,380934398765,staffelb@yahoo.ca,password1
Beau,Bartolo,380934398765,boein@msn.com,password2
In,Tighe,384532322365,miyop@comcast.net,password3
Kassandra,Mcdonnell,386598998765,pkplex@comcast.net,password4
Halina,Falconer,380543398765,ninenine@hotmail.com,password5
Asha,Turlington,380934354765,janneh@gmail.com,password6
Glynda,Bowling,380934398732,murty@optonline.net,password7
Ross,Clover,380934767654,lamky@att.net,password8
Noma,Veloz,380934398765,gommix@msn.com,password9
Juanita,Stamps,380876398765,ozawa@icloud.com,password10
Shin,Hora,380765438765,dhwon@att.net,password11
Debora,Buttner,380934398732,drolsky@outlook.com,password12
Priscila,Deere,385432457654,north@outlook.com,password13
Ann,Tookes,380934765435,smallpaul@msn.com,password14
Lois,Beckler,380934098765,esbeck@yahoo.ca,password15
Katheryn,Drucker,380976541265,parksh@me.com,password16
Jules,Basquez,380934398732,shawnce@gmail.com,password17
Nicole,Mynatt,380934767643,retoh@yahoo.com,password18
Aileen,Bumgardner,343334398765,steveli@yahoo.com,password19
Bruno,Hardee,343354818765,ivoibs@icloud.com,password20
Abraham,Aho,381111111165,sakusha@icloud.com,password21
Alyson,Bonenfant,380222222232,chronos@att.net,password22
Deirdre,Schnur,380934733354,fangorn@mac.com,password23
Major,Tiffany,380666698765,guialbu@me.com,password24
Mora,Twedt,380934999965,jonathan@mac.com,password25
Venita,Vanduzer,380933333335,formis@verizon.net,password26
Terri,Holts,380888898732,geeber@comcast.net,password27
Reid,Russo,380934799654,subir@sbcglobal.net,password28
Camilla,Engelbrec,380934666555,rgarcia@yahoo.ca,password29
Etta,Wycoff,380959598765,martink@me.com,password30
Anastasia,Toto,380934398765,staffelb@yahoo.ca,password1
Beau,Bartolo,380934398765,boein@msn.com,password2
In,Tighe,384532322365,miyop@comcast.net,password3
Kassandra,Mcdonnell,386598998765,pkplex@comcast.net,password4
Halina,Falconer,380543398765,ninenine@hotmail.com,password5
Asha,Turlington,380934354765,janneh@gmail.com,password6
Glynda,Bowling,380934398732,murty@optonline.net,password7
Ross,Clover,380934767654,lamky@att.net,password8
Noma,Veloz,380934398765,gommix@msn.com,password9
Juanita,Stamps,380876398765,ozawa@icloud.com,password10
Shin,Hora,380765438765,dhwon@att.net,password11
Debora,Buttner,380934398732,drolsky@outlook.com,password12
Priscila,Deere,385432457654,north@outlook.com,password13
Ann,Tookes,380934765435,smallpaul@msn.com,password14
Lois,Beckler,380934098765,esbeck@yahoo.ca,password15
Katheryn,Drucker,380976541265,parksh@me.com,password16
Jules,Basquez,380934398732,shawnce@gmail.com,password17
Nicole,Mynatt,380934767643,retoh@yahoo.com,password18
Aileen,Bumgardner,343334398765,steveli@yahoo.com,password19
Bruno,Hardee,343354818765,ivoibs@icloud.com,password20
Abraham,Aho,381111111165,sakusha@icloud.com,password21
Alyson,Bonenfant,380222222232,chronos@att.net,password22
Deirdre,Schnur,380934733354,fangorn@mac.com,password23
Major,Tiffany,380666698765,guialbu@me.com,password24
Mora,Twedt,380934999965,jonathan@mac.com,password25
Venita,Vanduzer,380933333335,formis@verizon.net,password26
Terri,Holts,380888898732,geeber@comcast.net,password27
Reid,Russo,380934799654,subir@sbcglobal.net,password28
Camilla,Engelbrec,380934666555,rgarcia@yahoo.ca,password29
Etta,Wycoff,380959598765,martink@me.com,password30
Anastasia,Toto,380934398765,staffelb@yahoo.ca,password1
Beau,Bartolo,380934398765,boein@msn.com,password2
In,Tighe,384532322365,miyop@comcast.net,password3
Kassandra,Mcdonnell,386598998765,pkplex@comcast.net,password4
Halina,Falconer,380543398765,ninenine@hotmail.com,password5
Asha,Turlington,380934354765,janneh@gmail.com,password6
Glynda,Bowling,380934398732,murty@optonline.net,password7
Ross,Clover,380934767654,lamky@att.net,password8
Noma,Veloz,380934398765,gommix@msn.com,password9
Juanita,Stamps,380876398765,ozawa@icloud.com,password10
Shin,Hora,380765438765,dhwon@att.net,password11
Debora,Buttner,380934398732,drolsky@outlook.com,password12
Priscila,Deere,385432457654,north@outlook.com,password13
Ann,Tookes,380934765435,smallpaul@msn.com,password14
Lois,Beckler,380934098765,esbeck@yahoo.ca,password15
Katheryn,Drucker,380976541265,parksh@me.com,password16
Jules,Basquez,380934398732,shawnce@gmail.com,password17
Nicole,Mynatt,380934767643,retoh@yahoo.com,password18
Aileen,Bumgardner,343334398765,steveli@yahoo.com,password19
Bruno,Hardee,343354818765,ivoibs@icloud.com,password20
Abraham,Aho,381111111165,sakusha@icloud.com,password21
Alyson,Bonenfant,380222222232,chronos@att.net,password22
Deirdre,Schnur,380934733354,fangorn@mac.com,password23
Major,Tiffany,380666698765,guialbu@me.com,password24
Mora,Twedt,380934999965,jonathan@mac.com,password25
Venita,Vanduzer,380933333335,formis@verizon.net,password26
Terri,Holts,380888898732,geeber@comcast.net,password27
Reid,Russo,380934799654,subir@sbcglobal.net,password28
Camilla,Engelbrec,380934666555,rgarcia@yahoo.ca,password29
Etta,Wycoff,380959598765,martink@me.com,password30
Anastasia,Toto,380934398765,staffelb@yahoo.ca,password1
Beau,Bartolo,380934398765,boein@msn.com,password2
In,Tighe,384532322365,miyop@comcast.net,password3
Kassandra,Mcdonnell,386598998765,pkplex@comcast.net,password4
Halina,Falconer,380543398765,ninenine@hotmail.com,password5
Asha,Turlington,380934354765,janneh@gmail.com,password6
Glynda,Bowling,380934398732,murty@optonline.net,password7
Ross,Clover,380934767654,lamky@att.net,password8
Noma,Veloz,380934398765,gommix@msn.com,password9
Juanita,Stamps,380876398765,ozawa@icloud.com,password10
Shin,Hora,380765438765,dhwon@att.net,password11
Debora,Buttner,380934398732,drolsky@outlook.com,password12
Priscila,Deere,385432457654,north@outlook.com,password13
Ann,Tookes,380934765435,smallpaul@msn.com,password14
Lois,Beckler,380934098765,esbeck@yahoo.ca,password15
Katheryn,Drucker,380976541265,parksh@me.com,password16
Jules,Basquez,380934398732,shawnce@gmail.com,password17
Nicole,Mynatt,380934767643,retoh@yahoo.com,password18
Aileen,Bumgardner,343334398765,steveli@yahoo.com,password19
Bruno,Hardee,343354818765,ivoibs@icloud.com,password20
Abraham,Aho,381111111165,sakusha@icloud.com,password21
Alyson,Bonenfant,380222222232,chronos@att.net,password22
Deirdre,Schnur,380934733354,fangorn@mac.com,password23
Major,Tiffany,380666698765,guialbu@me.com,password24
Mora,Twedt,380934999965,jonathan@mac.com,password25
Venita,Vanduzer,380933333335,formis@verizon.net,password26
Terri,Holts,380888898732,geeber@comcast.net,password27
Reid,Russo,380934799654,subir@sbcglobal.net,password28
Camilla,Engelbrec,380934666555,rgarcia@yahoo.ca,password29
Etta,Wycoff,380959598765,martink@me.com,password30
Anastasia,Toto,380934398765,staffelb@yahoo.ca,password1
Beau,Bartolo,380934398765,boein@msn.com,password2
In,Tighe,384532322365,miyop@comcast.net,password3
Kassandra,Mcdonnell,386598998765,pkplex@comcast.net,password4
Halina,Falconer,380543398765,ninenine@hotmail.com,password5
Asha,Turlington,380934354765,janneh@gmail.com,password6
Glynda,Bowling,380934398732,murty@optonline.net,password7
Ross,Clover,380934767654,lamky@att.net,password8
Noma,Veloz,380934398765,gommix@msn.com,password9
Juanita,Stamps,380876398765,ozawa@icloud.com,password10
Shin,Hora,380765438765,dhwon@att.net,password11
Debora,Buttner,380934398732,drolsky@outlook.com,password12
Priscila,Deere,385432457654,north@outlook.com,password13
Ann,Tookes,380934765435,smallpaul@msn.com,password14
Lois,Beckler,380934098765,esbeck@yahoo.ca,password15
Katheryn,Drucker,380976541265,parksh@me.com,password16
Jules,Basquez,380934398732,shawnce@gmail.com,password17
Nicole,Mynatt,380934767643,retoh@yahoo.com,password18
Aileen,Bumgardner,343334398765,steveli@yahoo.com,password19
Bruno,Hardee,343354818765,ivoibs@icloud.com,password20
Abraham,Aho,381111111165,sakusha@icloud.com,password21
Alyson,Bonenfant,380222222232,chronos@att.net,password22
Deirdre,Schnur,380934733354,fangorn@mac.com,password23
Major,Tiffany,380666698765,guialbu@me.com,password24
Mora,Twedt,380934999965,jonathan@mac.com,password25
Venita,Vanduzer,380933333335,formis@verizon.net,password26
Terri,Holts,380888898732,geeber@comcast.net,password27
Reid,Russo,380934799654,subir@sbcglobal.net,password28
Camilla,Engelbrec,380934666555,rgarcia@yahoo.ca,password29
Etta,Wycoff,380959598765,martink@me.com,password30
Anastasia,Toto,380934398765,staffelb@yahoo.ca,password1
Beau,Bartolo,380934398765,boein@msn.com,password2
In,Tighe,384532322365,miyop@comcast.net,password3
Kassandra,Mcdonnell,386598998765,pkplex@comcast.net,password4
Halina,Falconer,380543398765,ninenine@hotmail.com,password5
Asha,Turlington,380934354765,janneh@gmail.com,password6
Glynda,Bowling,380934398732,murty@optonline.net,password7
Ross,Clover,380934767654,lamky@att.net,password8
Noma,Veloz,380934398765,gommix@msn.com,password9
Juanita,Stamps,380876398765,ozawa@icloud.com,password10
Shin,Hora,380765438765,dhwon@att.net,password11
Debora,Buttner,380934398732,drolsky@outlook.com,password12
Priscila,Deere,385432457654,north@outlook.com,password13
Ann,Tookes,380934765435,smallpaul@msn.com,password14
Lois,Beckler,380934098765,esbeck@yahoo.ca,password15
Katheryn,Drucker,380976541265,parksh@me.com,password16
Jules,Basquez,380934398732,shawnce@gmail.com,password17
Nicole,Mynatt,380934767643,retoh@yahoo.com,password18
Aileen,Bumgardner,343334398765,steveli@yahoo.com,password19
Bruno,Hardee,343354818765,ivoibs@icloud.com,password20
Abraham,Aho,381111111165,sakusha@icloud.com,password21
Alyson,Bonenfant,380222222232,chronos@att.net,password22
Deirdre,Schnur,380934733354,fangorn@mac.com,password23
Major,Tiffany,380666698765,guialbu@me.com,password24
Mora,Twedt,380934999965,jonathan@mac.com,password25
Venita,Vanduzer,380933333335,formis@verizon.net,password26
Terri,Holts,380888898732,geeber@comcast.net,password27
Reid,Russo,380934799654,subir@sbcglobal.net,password28
Camilla,Engelbrec,380934666555,rgarcia@yahoo.ca,password29
Etta,Wycoff,380959598765,martink@me.com,password30
Anastasia,Toto,380934398765,staffelb@yahoo.ca,password1
Beau,Bartolo,380934398765,boein@msn.com,password2
In,Tighe,384532322365,miyop@comcast.net,password3
Kassandra,Mcdonnell,386598998765,pkplex@comcast.net,password4
Halina,Falconer,380543398765,ninenine@hotmail.com,password5
Asha,Turlington,380934354765,janneh@gmail.com,password6
Glynda,Bowling,380934398732,murty@optonline.net,password7
Ross,Clover,380934767654,lamky@att.net,password8
Noma,Veloz,380934398765,gommix@msn.com,password9
Juanita,Stamps,380876398765,ozawa@icloud.com,password10
Shin,Hora,380765438765,dhwon@att.net,password11
Debora,Buttner,380934398732,drolsky@outlook.com,password12
Priscila,Deere,385432457654,north@outlook.com,password13
Ann,Tookes,380934765435,smallpaul@msn.com,password14
Lois,Beckler,380934098765,esbeck@yahoo.ca,password15
Katheryn,Drucker,380976541265,parksh@me.com,password16
Jules,Basquez,380934398732,shawnce@gmail.com,password17
Nicole,Mynatt,380934767643,retoh@yahoo.com,password18
Aileen,Bumgardner,343334398765,steveli@yahoo.com,password19
Bruno,Hardee,343354818765,ivoibs@icloud.com,password20
Abraham,Aho,381111111165,sakusha@icloud.com,password21
Alyson,Bonenfant,380222222232,chronos@att.net,password22
Deirdre,Schnur,380934733354,fangorn@mac.com,password23
Major,Tiffany,380666698765,guialbu@me.com,password24
Mora,Twedt,380934999965,jonathan@mac.com,password25
Venita,Vanduzer,380933333335,formis@verizon.net,password26
Terri,Holts,380888898732,geeber@comcast.net,password27
Reid,Russo,380934799654,subir@sbcglobal.net,password28
Camilla,Engelbrec,380934666555,rgarcia@yahoo.ca,password29
Etta,Wycoff,380959598765,martink@me.com,password30
Anastasia,Toto,380934398765,staffelb@yahoo.ca,password1
Beau,Bartolo,380934398765,boein@msn.com,password2
In,Tighe,384532322365,miyop@comcast.net,password3
Kassandra,Mcdonnell,386598998765,pkplex@comcast.net,password4
Halina,Falconer,380543398765,ninenine@hotmail.com,password5
Asha,Turlington,380934354765,janneh@gmail.com,password6
Glynda,Bowling,380934398732,murty@optonline.net,password7
Ross,Clover,380934767654,lamky@att.net,password8
Noma,Veloz,380934398765,gommix@msn.com,password9
Juanita,Stamps,380876398765,ozawa@icloud.com,password10
Shin,Hora,380765438765,dhwon@att.net,password11
Debora,Buttner,380934398732,drolsky@outlook.com,password12
Priscila,Deere,385432457654,north@outlook.com,password13
Ann,Tookes,380934765435,smallpaul@msn.com,password14
Lois,Beckler,380934098765,esbeck@yahoo.ca,password15
Katheryn,Drucker,380976541265,parksh@me.com,password16
Jules,Basquez,380934398732,shawnce@gmail.com,password17
Nicole,Mynatt,380934767643,retoh@yahoo.com,password18
Aileen,Bumgardner,343334398765,steveli@yahoo.com,password19
Bruno,Hardee,343354818765,ivoibs@icloud.com,password20
Abraham,Aho,381111111165,sakusha@icloud.com,password21
Alyson,Bonenfant,380222222232,chronos@att.net,password22
Deirdre,Schnur,380934733354,fangorn@mac.com,password23
Major,Tiffany,380666698765,guialbu@me.com,password24
Mora,Twedt,380934999965,jonathan@mac.com,password25
Venita,Vanduzer,380933333335,formis@verizon.net,password26
Terri,Holts,380888898732,geeber@comcast.net,password27
Reid,Russo,380934799654,subir@sbcglobal.net,password28
Camilla,Engelbrec,380934666555,rgarcia@yahoo.ca,password29
Etta,Wycoff,380959598765,martink@me.com,password30
Anastasia,Toto,380934398765,staffelb@yahoo.ca,password1
Beau,Bartolo,380934398765,boein@msn.com,password2
In,Tighe,384532322365,miyop@comcast.net,password3
Kassandra,Mcdonnell,386598998765,pkplex@comcast.net,password4
Halina,Falconer,380543398765,ninenine@hotmail.com,password5
Asha,Turlington,380934354765,janneh@gmail.com,password6
Glynda,Bowling,380934398732,murty@optonline.net,password7
Ross,Clover,380934767654,lamky@att.net,password8
Noma,Veloz,380934398765,gommix@msn.com,password9
Juanita,Stamps,380876398765,ozawa@icloud.com,password10
Shin,Hora,380765438765,dhwon@att.net,password11
Debora,Buttner,380934398732,drolsky@outlook.com,password12
Priscila,Deere,385432457654,north@outlook.com,password13
Ann,Tookes,380934765435,smallpaul@msn.com,password14
Lois,Beckler,380934098765,esbeck@yahoo.ca,password15
Katheryn,Drucker,380976541265,parksh@me.com,password16
Jules,Basquez,380934398732,shawnce@gmail.com,password17
Nicole,Mynatt,380934767643,retoh@yahoo.com,password18
Aileen,Bumgardner,343334398765,steveli@yahoo.com,password19
Bruno,Hardee,343354818765,ivoibs@icloud.com,password20
Abraham,Aho,381111111165,sakusha@icloud.com,password21
Alyson,Bonenfant,380222222232,chronos@att.net,password22
Deirdre,Schnur,380934733354,fangorn@mac.com,password23
Major,Tiffany,380666698765,guialbu@me.com,password24
Mora,Twedt,380934999965,jonathan@mac.com,password25
Venita,Vanduzer,380933333335,formis@verizon.net,password26
Terri,Holts,380888898732,geeber@comcast.net,password27
Reid,Russo,380934799654,subir@sbcglobal.net,password28
Camilla,Engelbrec,380934666555,rgarcia@yahoo.ca,password29
Etta,Wycoff,380959598765,martink@me.com,password30
Anastasia,Toto,380934398765,staffelb@yahoo.ca,password1
Beau,Bartolo,380934398765,boein@msn.com,password2
In,Tighe,384532322365,miyop@comcast.net,password3
Kassandra,Mcdonnell,386598998765,pkplex@comcast.net,password4
Halina,Falconer,380543398765,ninenine@hotmail.com,password5
Asha,Turlington,380934354765,janneh@gmail.com,password6
Glynda,Bowling,380934398732,murty@optonline.net,password7
Ross,Clover,380934767654,lamky@att.net,password8
Noma,Veloz,380934398765,gommix@msn.com,password9
Juanita,Stamps,380876398765,ozawa@icloud.com,password10
Shin,Hora,380765438765,dhwon@att.net,password11
Debora,Buttner,380934398732,drolsky@outlook.com,password12
Priscila,Deere,385432457654,north@outlook.com,password13
Ann,Tookes,380934765435,smallpaul@msn.com,password14
Lois,Beckler,380934098765,esbeck@yahoo.ca,password15
Katheryn,Drucker,380976541265,parksh@me.com,password16
Jules,Basquez,380934398732,shawnce@gmail.com,password17
Nicole,Mynatt,380934767643,retoh@yahoo.com,password18
Aileen,Bumgardner,343334398765,steveli@yahoo.com,password19
Bruno,Hardee,343354818765,ivoibs@icloud.com,password20
Abraham,Aho,381111111165,sakusha@icloud.com,password21
Alyson,Bonenfant,380222222232,chronos@att.net,password22
Deirdre,Schnur,380934733354,fangorn@mac.com,password23
Major,Tiffany,380666698765,guialbu@me.com,password24
Mora,Twedt,380934999965,jonathan@mac.com,password25
Venita,Vanduzer,380933333335,formis@verizon.net,password26
Terri,Holts,380888898732,geeber@comcast.net,password27
Reid,Russo,380934799654,subir@sbcglobal.net,password28
Camilla,Engelbrec,380934666555,rgarcia@yahoo.ca,password29
Etta,Wycoff,380959598765,martink@me.com,password30
Anastasia,Toto,380934398765,staffelb@yahoo.ca,password1
Beau,Bartolo,380934398765,boein@msn.com,password2
In,Tighe,384532322365,miyop@comcast.net,password3
Kassandra,Mcdonnell,386598998765,pkplex@comcast.net,password4
Halina,Falconer,380543398765,ninenine@hotmail.com,password5
Asha,Turlington,380934354765,janneh@gmail.com,password6
Glynda,Bowling,380934398732,murty@optonline.net,password7
Ross,Clover,380934767654,lamky@att.net,password8
Noma,Veloz,380934398765,gommix@msn.com,password9
Juanita,Stamps,380876398765,ozawa@icloud.com,password10
Shin,Hora,380765438765,dhwon@att.net,password11
Debora,Buttner,380934398732,drolsky@outlook.com,password12
Priscila,Deere,385432457654,north@outlook.com,password13
Ann,Tookes,380934765435,smallpaul@msn.com,password14
Lois,Beckler,380934098765,esbeck@yahoo.ca,password15
Katheryn,Drucker,380976541265,parksh@me.com,password16
Jules,Basquez,380934398732,shawnce@gmail.com,password17
Nicole,Mynatt,380934767643,retoh@yahoo.com,password18
Aileen,Bumgardner,343334398765,steveli@yahoo.com,password19
Bruno,Hardee,343354818765,ivoibs@icloud.com,password20
Abraham,Aho,381111111165,sakusha@icloud.com,password21
Alyson,Bonenfant,380222222232,chronos@att.net,password22
Deirdre,Schnur,380934733354,fangorn@mac.com,password23
Major,Tiffany,380666698765,guialbu@me.com,password24
Mora,Twedt,380934999965,jonathan@mac.com,password25
Venita,Vanduzer,380933333335,formis@verizon.net,password26
Terri,Holts,380888898732,geeber@comcast.net,password27
Reid,Russo,380934799654,subir@sbcglobal.net,password28
Camilla,Engelbrec,380934666555,rgarcia@yahoo.ca,password29
Etta,Wycoff,380959598765,martink@me.com,password30
Anastasia,Toto,380934398765,staffelb@yahoo.ca,password1
Beau,Bartolo,380934398765,boein@msn.com,password2
In,Tighe,384532322365,miyop@comcast.net,password3
Kassandra,Mcdonnell,386598998765,pkplex@comcast.net,password4
Halina,Falconer,380543398765,ninenine@hotmail.com,password5
Asha,Turlington,380934354765,janneh@gmail.com,password6
Glynda,Bowling,380934398732,murty@optonline.net,password7
Ross,Clover,380934767654,lamky@att.net,password8
Noma,Veloz,380934398765,gommix@msn.com,password9
Juanita,Stamps,380876398765,ozawa@icloud.com,password10
Shin,Hora,380765438765,dhwon@att.net,password11
Debora,Buttner,380934398732,drolsky@outlook.com,password12
Priscila,Deere,385432457654,north@outlook.com,password13
Ann,Tookes,380934765435,smallpaul@msn.com,password14
Lois,Beckler,380934098765,esbeck@yahoo.ca,password15
Katheryn,Drucker,380976541265,parksh@me.com,password16
Jules,Basquez,380934398732,shawnce@gmail.com,password17
Nicole,Mynatt,380934767643,retoh@yahoo.com,password18
Aileen,Bumgardner,343334398765,steveli@yahoo.com,password19
Bruno,Hardee,343354818765,ivoibs@icloud.com,password20
Abraham,Aho,381111111165,sakusha@icloud.com,password21
Alyson,Bonenfant,380222222232,chronos@att.net,password22
Deirdre,Schnur,380934733354,fangorn@mac.com,password23
Major,Tiffany,380666698765,guialbu@me.com,password24
Mora,Twedt,380934999965,jonathan@mac.com,password25
Venita,Vanduzer,380933333335,formis@verizon.net,password26
Terri,Holts,380888898732,geeber@comcast.net,password27
Reid,Russo,380934799654,subir@sbcglobal.net,password28
Camilla,Engelbrec,380934666555,rgarcia@yahoo.ca,password29
Etta,Wycoff,380959598765,martink@me.com,password30
Anastasia,Toto,380934398765,staffelb@yahoo.ca,password1
Beau,Bartolo,380934398765,boein@msn.com,password2
In,Tighe,384532322365,miyop@comcast.net,password3
Kassandra,Mcdonnell,386598998765,pkplex@comcast.net,password4
Halina,Falconer,380543398765,ninenine@hotmail.com,password5
Asha,Turlington,380934354765,janneh@gmail.com,password6
Glynda,Bowling,380934398732,murty@optonline.net,password7
Ross,Clover,380934767654,lamky@att.net,password8
Noma,Veloz,380934398765,gommix@msn.com,password9
Juanita,Stamps,380876398765,ozawa@icloud.com,password10